{
  "welcome": "আমার অ্যাপে স্বাগতম",
  "home": "বাড়ি",
  "about": "সম্পর্কে",
  "hello": "হ্যালো, বিশ্ব!",
  "data": "আমি সর্বদা আমার কম্পিউটারকে আমার টেলিফোনের মতো ব্যবহার করা সহজ হতে চেয়েছিলাম; আমার ইচ্ছা সত্য হয়েছে কারণ আমি আর আমার টেলিফোন কীভাবে ব্যবহার করব তা বুঝতে পারি না।"
}
