{
  "welcome": "मेरे ऐप में आपका स्वागत है",
  "home" : "घर",
  "about": "के बारे में",
  "hello": "हैलो, दुनिया!",
  "data": "मैंने हमेशा चाहा है कि मेरा कंप्यूटर मेरे टेलीफोन की तरह उपयोग में आसान हो; मेरी इच्छा पूरी हो गई है क्योंकि मैं अब यह नहीं समझ पा रहा हूं कि अपने टेलीफोन का उपयोग कैसे करूं।"
}